datetime,count_predicted
05-06-2012 5:00,8
19-03-2011 19:00,108
02-04-2012 6:00,17
13-07-2012 20:00,1494
09-11-2011 19:00,6
10-03-2012 0:00,3
19-05-2011 13:00,50
01-05-2011 8:00,9
07-07-2012 8:00,2344
07-05-2011 16:00,40
09-04-2011 11:00,23
16-06-2011 04:00,2
13-07-2012 22:00,1178
02-03-2012 14:00,16
18-05-2012 15:00,123
14-12-2011 22:00,5
17-02-2012 19:00,47
15-04-2012 18:00,177
06-10-2012 23:00,32
17-07-2012 00:00,131
13-09-2012 11:00,159
13-01-2012 07:00,48
11-08-2012 8:00,340
17-09-2011 08:00,30
04-11-2011 11:00,17
01-10-2011 11:00,7
03-03-2011 12:00,25
05-12-2012 19:00,24
18-06-2012 23:00,28
19-09-2012 18:00,356
08-11-2011 19:00,27
18-02-2011 13:00,60
07-11-2011 10:00,6
10-08-2011 14:00,151
02-05-2012 0:00,20
14-01-2011 14:00,8
17-07-2011 01:00,221
14-07-2011 15:00,1633
04-03-2011 3:00,0
18-12-2012 15:00,63
14-12-2012 10:00,9
14-05-2011 03:00,14
19-03-2012 23:00,41
08-01-2011 5:00,0
13-08-2011 06:00,61
04-08-2011 2:00,82
03-02-2012 5:00,1
16-12-2012 21:00,5
04-01-2011 9:00,6
06-04-2011 1:00,3
09-03-2012 11:00,54
12-10-2012 20:00,36
14-06-2011 20:00,127
06-12-2012 2:00,2
03-12-2012 2:00,2
10-07-2011 17:00,377
09-01-2012 22:00,0
10-01-2012 17:00,151
07-08-2012 4:00,25
17-01-2011 04:00,0
03-05-2011 15:00,33
08-04-2012 7:00,29
04-07-2011 5:00,26
13-01-2011 14:00,4
18-08-2012 23:00,308
11-12-2012 0:00,16
11-03-2012 9:00,26
18-03-2012 08:00,24
06-12-2011 3:00,0
05-11-2011 14:00,28
10-10-2012 11:00,44
02-11-2011 20:00,39
18-07-2011 21:00,983
09-03-2011 15:00,3
10-12-2012 17:00,16
02-01-2011 20:00,0
01-10-2012 10:00,94
17-07-2012 14:00,4537
07-03-2012 15:00,225
09-02-2011 22:00,0
16-01-2011 01:00,23
19-02-2012 12:00,55
09-02-2011 2:00,0
06-09-2011 9:00,259
11-06-2011 8:00,72
08-02-2011 2:00,0
15-08-2012 14:00,999
17-05-2011 12:00,18
03-04-2012 18:00,454
14-05-2011 07:00,23
06-01-2011 8:00,122
04-05-2011 22:00,49
14-08-2011 18:00,1078
01-12-2012 18:00,1
11-01-2011 17:00,4
10-02-2011 17:00,20
08-02-2011 23:00,47
13-03-2011 04:00,4
18-06-2012 15:00,47
16-04-2012 18:00,58
05-09-2011 10:00,981
17-09-2012 05:00,13
05-12-2011 19:00,13
10-01-2011 1:00,0
08-05-2012 8:00,65
08-07-2011 16:00,468
06-09-2012 7:00,2135
06-11-2012 17:00,48
05-03-2012 20:00,5
01-10-2011 13:00,2
17-04-2011 14:00,111
18-08-2012 11:00,691
03-09-2012 22:00,373
13-03-2011 08:00,21
12-05-2011 8:00,247
10-10-2011 11:00,48
11-04-2012 10:00,42
15-05-2011 09:00,74
06-10-2011 17:00,70
12-06-2011 7:00,198
15-04-2011 20:00,8
05-04-2012 14:00,82
13-04-2012 14:00,148
10-05-2012 8:00,140
02-02-2011 15:00,16
09-03-2011 9:00,0
19-05-2012 20:00,151
11-07-2012 18:00,288
18-04-2012 02:00,2
19-09-2012 13:00,153
04-11-2012 20:00,0
15-12-2012 11:00,41
08-04-2012 3:00,12
11-09-2011 0:00,144
16-12-2012 11:00,3
03-03-2012 15:00,218
03-11-2011 12:00,72
15-01-2012 01:00,3
07-10-2011 1:00,4
07-11-2011 0:00,9
04-03-2011 18:00,24
14-03-2012 12:00,31
11-05-2012 4:00,5
16-12-2012 07:00,1
01-03-2011 11:00,16
12-01-2012 5:00,6
13-08-2011 21:00,285
19-11-2012 01:00,1
09-09-2012 12:00,495
06-09-2011 16:00,50
17-08-2012 14:00,7
16-08-2011 07:00,344
01-04-2011 6:00,7
03-06-2012 17:00,57
09-01-2012 17:00,1
18-10-2012 04:00,0
02-06-2012 21:00,141
02-12-2011 17:00,125
02-08-2012 14:00,2016
03-12-2011 5:00,2
12-10-2012 19:00,58
02-05-2012 17:00,727
07-11-2012 14:00,20
05-04-2012 3:00,1
03-06-2012 12:00,69
01-04-2011 3:00,0
04-01-2011 5:00,0
06-04-2012 3:00,0
09-07-2012 18:00,509
17-08-2012 22:00,11
17-11-2012 14:00,152
19-03-2012 21:00,91
05-01-2012 15:00,42
17-02-2011 03:00,0
13-04-2011 04:00,0
18-11-2011 04:00,0
12-09-2011 6:00,61
13-12-2011 08:00,54
06-01-2011 21:00,3
11-11-2011 18:00,30
08-03-2012 16:00,393
05-09-2012 18:00,5482
09-03-2011 9:00,0
02-06-2011 9:00,43
19-03-2012 14:00,41
10-11-2012 2:00,0
18-12-2012 21:00,13
02-05-2011 4:00,4
08-05-2011 4:00,2
17-08-2012 01:00,16
14-11-2011 23:00,9
15-11-2011 05:00,7
09-01-2012 23:00,0
10-11-2012 5:00,0
03-12-2011 14:00,205
08-03-2011 14:00,70
08-09-2012 15:00,4
13-08-2012 09:00,670
04-05-2011 6:00,2
17-03-2011 21:00,23
01-04-2012 2:00,7
15-03-2012 17:00,217
05-05-2012 10:00,236
11-10-2012 14:00,38
14-06-2012 05:00,8
01-08-2011 5:00,34
03-08-2011 3:00,93
09-06-2011 6:00,67
08-08-2011 17:00,2115
16-04-2011 22:00,69
13-01-2011 05:00,0
07-04-2012 20:00,4
06-08-2012 1:00,253
08-07-2012 0:00,2480
04-11-2011 12:00,31
08-04-2011 13:00,3
13-02-2011 17:00,111
01-08-2011 7:00,126
10-06-2011 1:00,11
11-03-2011 9:00,12
12-06-2012 18:00,561
15-05-2011 15:00,236
01-10-2011 12:00,5
08-01-2011 23:00,29
12-06-2012 0:00,3
07-04-2012 16:00,0
01-05-2012 8:00,41
14-09-2012 08:00,191
01-05-2011 17:00,0
04-11-2012 23:00,0
13-01-2012 09:00,13
06-01-2012 21:00,7
15-07-2011 21:00,668
13-05-2011 03:00,1
11-12-2012 23:00,3
09-06-2012 16:00,171
16-02-2012 22:00,17
10-12-2011 16:00,0
10-07-2012 16:00,271
02-10-2011 3:00,0
04-08-2011 3:00,39
11-07-2011 15:00,148
12-04-2012 20:00,208
05-01-2012 3:00,0
10-02-2011 20:00,5
13-06-2012 13:00,40
03-12-2011 6:00,4
19-11-2011 07:00,3
07-03-2011 6:00,2
17-04-2012 08:00,194
13-10-2012 17:00,134
11-05-2012 4:00,5
12-02-2011 7:00,0
09-04-2012 5:00,20
10-12-2011 9:00,3
06-12-2011 21:00,1
18-12-2012 00:00,2
05-06-2011 5:00,7
17-09-2011 11:00,93
12-12-2012 5:00,2
10-12-2011 20:00,1
13-04-2012 10:00,75
19-10-2011 02:00,0
19-02-2011 00:00,11
07-03-2012 4:00,1
14-10-2011 16:00,161
17-01-2012 21:00,12
13-08-2012 02:00,9
19-02-2011 06:00,2
03-08-2011 6:00,4860
15-04-2012 08:00,58
08-02-2011 3:00,0
16-01-2011 10:00,21
12-12-2012 21:00,2
02-08-2012 9:00,1902
17-12-2012 05:00,0
01-09-2011 2:00,11
19-04-2012 00:00,7
19-02-2011 18:00,35
05-04-2011 16:00,35
08-06-2011 18:00,197
18-10-2011 18:00,41
19-02-2012 23:00,11
09-01-2011 10:00,3
16-02-2011 01:00,2
13-12-2012 00:00,3
01-06-2012 16:00,125
18-03-2011 07:00,88
16-12-2012 04:00,0
05-05-2012 0:00,55
16-08-2012 19:00,1688
06-08-2011 16:00,577
02-04-2012 6:00,15
13-01-2012 19:00,18
08-05-2011 19:00,49
08-08-2011 15:00,729
04-11-2011 4:00,0
01-08-2012 22:00,125
16-02-2012 06:00,23
16-01-2012 04:00,1
01-07-2012 3:00,114
18-06-2011 23:00,111
13-10-2011 06:00,15
02-01-2011 0:00,3
05-08-2011 0:00,462
03-10-2012 15:00,39
18-09-2012 09:00,142
09-10-2012 19:00,22
04-10-2012 9:00,106
10-08-2011 16:00,223
07-05-2012 5:00,4
04-02-2012 5:00,1
08-04-2012 4:00,8
02-07-2012 13:00,2808
06-12-2011 16:00,10
03-10-2011 20:00,38
01-03-2012 22:00,11
10-05-2012 10:00,75
02-09-2011 20:00,729
01-09-2011 11:00,118
05-02-2012 6:00,0
07-06-2011 21:00,93
05-11-2011 22:00,0
07-04-2011 14:00,106
17-05-2012 02:00,3
07-02-2012 14:00,63
09-02-2012 0:00,0
12-02-2011 9:00,5
02-06-2011 23:00,47
09-11-2011 14:00,32
12-09-2012 10:00,82
12-03-2012 6:00,64
10-05-2012 3:00,1
19-01-2012 00:00,2
10-06-2012 22:00,149
04-11-2011 20:00,17
04-01-2012 13:00,3
02-09-2011 5:00,57
19-02-2011 16:00,54
03-05-2012 18:00,959
15-12-2012 23:00,11
01-05-2012 10:00,85
05-06-2012 20:00,104
01-01-2011 12:00,62
14-06-2012 02:00,2
01-07-2012 23:00,540
11-06-2012 22:00,38
16-05-2012 18:00,221
13-03-2011 00:00,53
12-06-2012 0:00,5
09-03-2012 14:00,194
07-10-2011 0:00,14
05-10-2011 21:00,10
11-02-2011 5:00,0
13-10-2012 00:00,9
07-11-2012 18:00,36
02-01-2012 19:00,18
03-12-2012 7:00,121
05-08-2012 17:00,11411
14-03-2012 20:00,118
06-12-2011 1:00,2
05-11-2011 16:00,4
09-07-2012 11:00,479
03-03-2011 18:00,17
08-05-2011 14:00,143
04-09-2011 13:00,5571
05-06-2012 17:00,298
07-11-2011 18:00,47
02-03-2012 0:00,15
02-10-2011 20:00,0
13-03-2012 07:00,49
12-06-2011 18:00,921
13-04-2012 17:00,342
14-07-2011 02:00,34
11-12-2011 11:00,62
04-04-2011 12:00,37
16-03-2012 07:00,57
16-05-2012 17:00,251
05-04-2012 11:00,64
11-11-2012 0:00,8
02-09-2011 3:00,13
02-05-2012 13:00,103
08-06-2012 16:00,134
11-11-2012 2:00,3
15-02-2012 12:00,28
14-04-2012 04:00,6
13-09-2011 23:00,73
01-03-2011 12:00,45
17-05-2011 03:00,0
19-09-2011 10:00,105
15-05-2011 02:00,24
02-11-2012 14:00,16
06-03-2012 20:00,4
08-08-2012 14:00,1394
06-03-2012 17:00,45
11-01-2011 9:00,13
01-11-2011 8:00,69
19-11-2012 03:00,0
14-03-2012 06:00,63
02-02-2012 20:00,11
03-11-2011 0:00,11
09-03-2011 4:00,0
09-04-2011 3:00,3
14-08-2012 06:00,167
15-11-2012 00:00,1
13-12-2012 01:00,0
03-09-2012 2:00,20
01-11-2011 2:00,0
01-04-2011 5:00,1
01-01-2012 21:00,22
16-05-2012 15:00,45
15-07-2011 05:00,61
02-12-2011 5:00,5
02-02-2012 12:00,120
11-08-2011 4:00,3
11-10-2012 19:00,28
06-06-2011 2:00,4
13-11-2011 01:00,8
08-06-2011 12:00,160
03-07-2012 11:00,4776
17-01-2011 15:00,24
16-04-2011 10:00,40
15-04-2011 09:00,23
07-05-2011 9:00,24
10-12-2012 2:00,0
09-09-2011 22:00,29
01-06-2012 9:00,61
18-05-2012 11:00,96
05-12-2011 18:00,15
09-04-2011 19:00,60
05-08-2011 12:00,1890
14-08-2012 13:00,630
15-06-2011 22:00,71
08-07-2011 4:00,12
15-10-2012 05:00,2
14-01-2012 06:00,0
08-02-2012 23:00,0
13-07-2012 15:00,5358
17-10-2012 07:00,46
02-07-2012 3:00,13
17-11-2012 08:00,7
18-11-2011 08:00,23
14-10-2012 02:00,4
14-01-2011 07:00,11
15-12-2012 10:00,27
18-12-2011 01:00,10
16-02-2011 05:00,2
04-08-2011 8:00,3182
19-07-2011 19:00,2951
08-11-2012 0:00,6
13-10-2012 18:00,83
04-05-2012 0:00,12
16-06-2011 17:00,79
11-10-2011 17:00,21
12-10-2012 3:00,0
19-11-2011 17:00,105
07-02-2011 5:00,0
05-05-2012 15:00,291
19-05-2012 07:00,27
11-04-2012 6:00,83
09-03-2012 17:00,479
09-11-2012 21:00,9
05-06-2011 17:00,85
15-03-2012 18:00,173
07-07-2012 4:00,68
03-05-2012 8:00,259
11-09-2012 22:00,48
03-01-2011 16:00,35
12-03-2012 2:00,3
14-05-2011 23:00,51
11-05-2011 13:00,410
08-10-2011 13:00,137
13-09-2011 19:00,290
11-05-2011 18:00,508
12-11-2011 11:00,49
17-02-2012 07:00,57
12-08-2012 10:00,297
19-09-2011 00:00,23
16-12-2011 23:00,0
09-08-2012 18:00,638
17-08-2011 19:00,1406
02-11-2011 4:00,1
01-11-2011 7:00,67
13-08-2011 06:00,70
02-12-2012 13:00,108
01-10-2011 0:00,7
09-09-2012 23:00,64
02-04-2011 20:00,8
19-06-2011 07:00,32
16-07-2011 15:00,2495
15-10-2012 03:00,0
16-08-2011 17:00,1522
18-11-2011 22:00,2
15-08-2012 19:00,870
05-01-2012 9:00,25
06-06-2011 9:00,162
07-07-2011 15:00,4043
16-07-2011 07:00,140
04-11-2012 0:00,8
02-08-2012 6:00,460
01-01-2012 8:00,14
09-11-2012 5:00,6
04-09-2011 1:00,714
17-01-2012 02:00,0
18-11-2012 02:00,3
03-05-2011 12:00,35
02-03-2012 18:00,74
11-09-2012 3:00,2
06-06-2011 19:00,181
06-08-2012 6:00,1301
04-04-2012 11:00,64
19-03-2011 00:00,12
01-04-2012 3:00,4
19-04-2011 01:00,3
16-02-2011 15:00,28
16-07-2012 22:00,1121
14-02-2012 04:00,1
13-12-2012 03:00,0
19-09-2011 22:00,80
05-12-2011 7:00,20
04-02-2012 18:00,12
09-02-2011 23:00,0
06-06-2011 6:00,44
12-04-2012 22:00,139
17-07-2011 19:00,3530
13-03-2012 16:00,133
16-06-2012 18:00,201
16-04-2011 13:00,15
16-11-2012 21:00,6
14-12-2012 03:00,0
09-06-2012 13:00,150
06-06-2011 15:00,171
02-04-2012 21:00,386
14-01-2011 20:00,10
15-01-2012 03:00,0
03-09-2012 8:00,685
04-08-2011 9:00,2299
10-07-2012 0:00,51
12-08-2011 10:00,65
02-02-2011 15:00,14
08-04-2012 6:00,16
02-05-2011 23:00,268
15-06-2012 01:00,10
15-09-2011 03:00,2
08-12-2012 2:00,0
06-11-2011 14:00,151
11-10-2012 23:00,2
12-06-2012 17:00,64
01-03-2011 20:00,37
11-02-2012 9:00,4
03-12-2011 15:00,190
11-10-2012 9:00,83
01-03-2011 10:00,12
06-10-2011 11:00,47
16-04-2012 10:00,85
11-06-2012 15:00,174
05-03-2012 11:00,9
08-07-2012 5:00,413
13-05-2011 00:00,17
13-08-2011 01:00,189
09-06-2011 7:00,126
07-11-2011 20:00,12
19-03-2011 09:00,33
14-11-2011 13:00,185
11-12-2011 8:00,4
18-11-2012 20:00,17
13-02-2012 11:00,17
18-04-2012 18:00,109
08-08-2011 6:00,154
03-07-2011 10:00,18412
18-08-2012 06:00,31
13-03-2012 02:00,2
07-08-2012 18:00,4308
07-02-2011 22:00,0
05-06-2012 22:00,66
12-06-2011 11:00,22848
13-01-2012 11:00,3
08-07-2012 22:00,536
17-09-2011 23:00,61
05-02-2012 4:00,0
01-05-2011 19:00,13
06-10-2012 14:00,166
04-09-2012 16:00,2415
07-11-2012 1:00,1
16-04-2011 14:00,16
17-07-2012 17:00,14969
16-10-2012 21:00,5
09-05-2011 15:00,121
05-09-2011 9:00,1493
06-10-2012 12:00,544
14-05-2012 07:00,96
07-08-2012 12:00,3275
08-06-2012 23:00,27
07-09-2011 21:00,112
09-06-2012 13:00,170
15-06-2012 23:00,40
18-08-2012 19:00,798
15-12-2012 08:00,2
04-01-2012 14:00,4
01-04-2012 7:00,2
05-12-2011 8:00,25
12-01-2011 8:00,26
04-02-2012 19:00,4
12-03-2011 2:00,7
02-09-2011 5:00,43
06-12-2011 22:00,1
08-08-2011 21:00,629
09-02-2011 20:00,0
05-09-2012 3:00,85
15-11-2012 22:00,0
09-05-2012 4:00,2
01-03-2011 6:00,7
08-02-2011 10:00,270
09-02-2011 0:00,0
07-05-2011 10:00,32
01-11-2012 8:00,33
19-03-2011 09:00,33
06-02-2011 15:00,14
16-02-2011 07:00,19
06-10-2011 9:00,36
14-08-2012 21:00,616
16-02-2011 12:00,31
07-05-2011 6:00,7
05-08-2012 15:00,25665
18-07-2012 12:00,3988
15-04-2012 23:00,14
09-08-2011 17:00,743
09-06-2012 15:00,83
11-04-2012 18:00,368
09-09-2012 3:00,14
10-09-2012 12:00,106
15-09-2012 00:00,85
15-11-2011 01:00,6
18-02-2011 11:00,48
04-07-2011 2:00,58
02-07-2011 2:00,487
16-06-2011 01:00,24
02-11-2011 2:00,1
03-12-2012 5:00,5
12-12-2011 0:00,3
04-08-2012 4:00,216
02-07-2012 2:00,39
06-05-2012 23:00,2
03-05-2012 10:00,127
05-03-2012 6:00,5
17-01-2011 20:00,18
19-05-2011 15:00,35
01-05-2011 13:00,12
05-03-2011 0:00,1
18-01-2012 18:00,13
09-03-2011 20:00,0
07-02-2012 18:00,106
15-08-2012 01:00,43
17-06-2012 13:00,345
09-04-2012 16:00,75
15-09-2012 05:00,3
10-05-2011 14:00,71
13-06-2012 08:00,51
17-01-2012 15:00,19
07-06-2011 13:00,66
16-04-2011 04:00,5
11-09-2012 15:00,117
02-04-2012 20:00,474
09-07-2011 17:00,561
19-07-2011 09:00,3873
13-06-2012 02:00,3
04-10-2011 8:00,84
09-05-2011 13:00,103
14-11-2012 13:00,28
04-09-2011 3:00,102
19-08-2012 08:00,157
10-03-2012 12:00,4
07-10-2011 6:00,21
19-12-2011 10:00,11
14-06-2011 21:00,71
12-01-2012 12:00,19
06-04-2011 22:00,21
19-05-2012 00:00,67
03-07-2012 3:00,72
14-03-2011 19:00,52
13-07-2012 13:00,3741
14-03-2011 14:00,22
15-02-2012 09:00,36
02-11-2012 13:00,34
08-02-2012 22:00,0
01-05-2011 18:00,15
19-12-2011 20:00,34
14-03-2011 09:00,39
18-12-2011 03:00,2
18-05-2012 00:00,29
01-07-2011 16:00,242
06-03-2012 6:00,14
17-12-2012 22:00,10
17-03-2012 21:00,158
10-10-2011 19:00,15
15-09-2012 04:00,4
08-02-2012 3:00,0
06-01-2012 15:00,66
19-04-2012 08:00,64
12-07-2012 4:00,4
19-04-2012 00:00,9
02-04-2012 16:00,309
16-02-2012 17:00,67
19-08-2012 15:00,583
02-05-2012 23:00,186
07-03-2012 14:00,106
17-02-2011 18:00,29
01-05-2011 16:00,3
11-02-2012 5:00,0
13-07-2012 06:00,899
09-02-2011 14:00,2
19-08-2012 02:00,57
14-08-2012 07:00,513
15-01-2011 00:00,19
02-07-2011 0:00,3159
04-04-2011 2:00,1
18-01-2012 08:00,40
15-11-2012 23:00,0
13-07-2012 23:00,1356
17-07-2012 08:00,5778
08-10-2012 21:00,0
19-05-2012 02:00,28
11-01-2012 22:00,6
18-03-2011 10:00,48
19-09-2011 08:00,154
02-05-2012 20:00,564
10-07-2011 0:00,126
06-04-2012 11:00,69
13-10-2012 16:00,245
01-06-2011 19:00,79
02-11-2011 0:00,6
17-12-2011 15:00,62
04-07-2011 21:00,1413
03-11-2012 1:00,28
06-12-2012 9:00,54
13-10-2012 10:00,98
18-02-2011 21:00,21
08-04-2012 21:00,116
16-10-2012 00:00,24
13-10-2011 09:00,27
04-10-2012 11:00,178
09-12-2012 10:00,0
18-08-2012 13:00,819
13-02-2011 04:00,2
03-08-2011 12:00,4627
08-02-2012 9:00,5
08-08-2012 17:00,3934
15-10-2011 06:00,3
04-06-2011 7:00,24
07-06-2011 5:00,7
04-07-2011 10:00,4268
06-01-2012 0:00,0
19-11-2011 03:00,2
08-04-2011 9:00,8
07-10-2012 6:00,2
07-05-2012 2:00,2
03-06-2012 20:00,118
02-02-2011 21:00,4
17-05-2012 22:00,100
14-03-2012 22:00,36
02-09-2011 11:00,129
17-10-2011 08:00,87
17-09-2011 18:00,117
06-12-2012 11:00,21
17-04-2012 20:00,207
05-06-2012 4:00,2
06-01-2011 16:00,47
15-09-2012 02:00,41
12-01-2012 1:00,4
14-11-2011 12:00,105
13-09-2012 21:00,175
12-02-2012 2:00,0
17-09-2012 15:00,248
10-05-2011 8:00,86
11-10-2011 7:00,12
01-12-2012 8:00,0
16-07-2012 06:00,315
16-01-2012 14:00,25
12-11-2012 11:00,115
17-12-2011 14:00,66
16-06-2011 10:00,58
02-09-2011 23:00,60
05-08-2012 11:00,64850
15-02-2012 06:00,36
05-07-2012 22:00,3409
02-06-2011 11:00,39
16-12-2011 21:00,2
04-10-2011 13:00,68
09-02-2011 13:00,1
02-01-2011 12:00,1
19-03-2011 01:00,8
06-11-2012 16:00,35
04-05-2012 10:00,62
05-09-2011 17:00,1320
10-06-2011 12:00,151
12-11-2012 23:00,6
05-03-2012 19:00,7
04-05-2011 3:00,0
09-08-2011 12:00,462
07-06-2011 6:00,59
08-05-2012 3:00,1
19-10-2012 20:00,9
09-11-2011 9:00,13
19-03-2012 03:00,4
01-11-2012 6:00,32
08-07-2011 14:00,1123
07-08-2012 13:00,2685
05-12-2012 13:00,51
09-02-2012 21:00,2
02-05-2011 15:00,311
05-08-2012 4:00,407
18-12-2012 15:00,71
15-04-2011 14:00,28
19-02-2012 14:00,69
18-07-2012 09:00,2096
11-07-2012 20:00,146
19-11-2012 02:00,0
01-01-2012 2:00,14
09-04-2011 4:00,1
01-03-2012 15:00,101
16-05-2012 05:00,6
06-12-2011 14:00,8
14-02-2011 05:00,1
11-05-2011 7:00,179
13-12-2011 22:00,6
10-02-2011 23:00,1
01-09-2012 12:00,3804
18-12-2011 14:00,69
19-12-2011 11:00,8
14-06-2012 03:00,2
03-07-2011 6:00,131
03-02-2011 9:00,20
19-06-2011 22:00,72
10-12-2012 17:00,15
09-08-2012 14:00,435
13-08-2012 13:00,580
12-03-2011 19:00,102
19-09-2011 18:00,273
12-09-2012 11:00,67
14-10-2012 22:00,53
10-03-2012 20:00,11
17-02-2011 20:00,40
08-07-2012 16:00,474
11-07-2012 1:00,20
15-05-2012 14:00,24
09-07-2012 19:00,322
17-11-2011 09:00,12
13-03-2012 03:00,1
19-10-2012 02:00,0
07-02-2011 9:00,5
15-07-2012 17:00,12783
04-07-2011 21:00,1179
18-08-2012 10:00,601
15-03-2011 23:00,4
08-11-2011 8:00,13
01-01-2011 18:00,52
19-01-2012 02:00,0
14-07-2011 22:00,880
02-08-2012 18:00,4767
06-06-2011 11:00,128
02-05-2011 4:00,4
01-02-2011 10:00,6
02-07-2011 1:00,1153
08-12-2011 19:00,1
17-09-2011 22:00,103
11-05-2011 17:00,786
07-12-2011 4:00,0
16-12-2011 01:00,2
10-06-2011 2:00,4
04-12-2011 14:00,26
19-04-2012 04:00,2
11-10-2012 17:00,214
15-04-2011 22:00,5
10-06-2012 0:00,134
01-08-2011 20:00,84
03-02-2012 20:00,27
11-07-2011 12:00,300
16-08-2011 20:00,974
02-04-2011 4:00,1
09-01-2012 13:00,1
18-04-2012 15:00,42
13-03-2011 07:00,10
11-10-2011 5:00,0
04-08-2011 18:00,1143
03-10-2011 22:00,16
17-02-2012 04:00,0
06-11-2011 17:00,81
12-08-2011 22:00,74
10-09-2011 20:00,297
02-12-2012 1:00,23
09-08-2012 12:00,608
10-10-2012 7:00,57
18-11-2011 03:00,0
11-12-2012 14:00,23
07-02-2012 17:00,158
09-08-2012 4:00,7
11-07-2011 0:00,25
07-08-2012 11:00,2407
02-01-2012 18:00,24
18-01-2012 03:00,0
08-09-2011 10:00,90
14-07-2012 20:00,1068
12-01-2012 10:00,49
05-09-2011 19:00,2058
07-11-2011 9:00,2
06-12-2011 1:00,2
06-06-2012 22:00,38
12-03-2011 14:00,122
17-08-2012 00:00,30
01-07-2012 1:00,430
09-01-2012 22:00,0
01-02-2011 23:00,3
14-03-2012 13:00,106
11-05-2012 18:00,503
11-11-2012 7:00,1
15-11-2011 07:00,42
04-07-2011 15:00,1060
12-09-2012 19:00,126
09-12-2011 5:00,1
18-10-2011 09:00,19
02-07-2011 23:00,879
04-01-2011 21:00,1
05-09-2011 18:00,1318
03-07-2011 23:00,450
13-04-2011 05:00,2
15-01-2011 12:00,53
13-09-2011 07:00,211
19-10-2012 04:00,0
18-11-2012 11:00,56
07-01-2011 8:00,6
17-07-2012 19:00,10100
12-12-2012 12:00,5
15-11-2012 19:00,5
19-12-2011 16:00,65
12-12-2011 20:00,17
05-06-2011 13:00,170
02-09-2012 15:00,3262
12-06-2011 12:00,8236
02-09-2012 7:00,1024
17-08-2011 06:00,177
19-08-2011 04:00,9
03-01-2012 19:00,3
07-09-2011 8:00,281
16-09-2011 21:00,25
01-01-2012 4:00,4
06-09-2012 1:00,543
15-02-2011 12:00,29
03-11-2012 16:00,94
14-02-2012 19:00,44
19-04-2011 06:00,52
01-12-2012 13:00,1
03-04-2012 3:00,2
17-06-2012 19:00,219
12-01-2011 14:00,4
14-12-2012 01:00,1
10-08-2011 0:00,53
16-11-2012 08:00,12
10-01-2012 22:00,3
01-04-2011 17:00,120
14-06-2012 20:00,79
06-01-2012 17:00,59
18-05-2011 22:00,40
02-03-2012 19:00,56
12-12-2011 15:00,12
11-05-2012 6:00,67
07-07-2012 5:00,42
06-03-2011 1:00,2
01-02-2011 15:00,16
06-04-2012 10:00,44
05-09-2012 16:00,3058
07-12-2011 22:00,8
01-11-2011 0:00,2
16-11-2012 08:00,13
14-11-2011 07:00,87
14-09-2011 10:00,144
09-11-2011 7:00,21
02-12-2011 22:00,7
06-02-2011 7:00,1
10-09-2012 1:00,5
05-09-2011 0:00,164
07-07-2011 8:00,1582
01-12-2011 5:00,1
08-02-2012 7:00,8
01-09-2012 5:00,196
09-11-2012 22:00,2
19-04-2011 14:00,35
09-04-2011 15:00,39
08-01-2012 13:00,12
13-10-2011 21:00,9
18-10-2011 07:00,56
17-03-2011 05:00,4
01-12-2011 9:00,25
09-02-2011 13:00,1
01-11-2011 13:00,50
19-02-2012 06:00,0
04-04-2011 20:00,52
09-07-2011 8:00,130
06-07-2012 1:00,462
08-09-2012 9:00,133
18-01-2012 14:00,11
10-01-2012 2:00,0
15-06-2011 10:00,60
07-09-2012 6:00,159
10-09-2011 10:00,302
17-12-2011 20:00,10
15-11-2011 20:00,9
08-03-2012 11:00,32
04-09-2011 6:00,122
16-10-2012 15:00,156
01-07-2011 1:00,23
03-11-2012 12:00,115
15-04-2012 17:00,152
09-10-2012 11:00,17
04-03-2012 18:00,0
01-12-2012 3:00,0
06-10-2011 17:00,62
19-03-2012 04:00,2
19-11-2011 12:00,182
14-08-2012 18:00,1580
02-02-2012 23:00,6
13-06-2012 20:00,63
19-11-2012 16:00,64
16-10-2011 12:00,464
09-03-2012 8:00,163
01-07-2011 18:00,205
07-08-2012 5:00,114
14-06-2011 17:00,346
16-02-2011 12:00,34
17-09-2012 17:00,647
19-08-2011 19:00,280
16-10-2012 19:00,61
03-12-2012 4:00,1
08-09-2011 20:00,112
02-04-2012 20:00,465
18-10-2012 22:00,0
18-05-2011 16:00,67
13-06-2011 20:00,119
10-10-2011 5:00,0
06-12-2011 0:00,12
15-10-2011 03:00,4
12-08-2012 22:00,304
05-11-2012 9:00,7
04-08-2011 11:00,2122
16-05-2012 10:00,86
14-04-2012 11:00,214
13-07-2012 23:00,1032
04-10-2012 10:00,108
07-10-2012 18:00,3
16-03-2011 13:00,11
17-08-2011 18:00,1682
18-06-2011 04:00,8
01-06-2012 20:00,1349
05-08-2011 6:00,255
16-10-2011 02:00,13
03-09-2012 17:00,396
18-10-2011 16:00,165
13-07-2011 13:00,2315
11-01-2012 5:00,0
06-12-2011 4:00,0
10-02-2011 16:00,19
19-07-2011 04:00,25
04-02-2011 8:00,16
14-04-2012 01:00,40
16-03-2011 11:00,11
06-08-2011 19:00,941
05-12-2012 9:00,41
03-05-2011 0:00,16
13-12-2012 21:00,12
03-04-2011 20:00,24
19-12-2012 17:00,78
13-07-2011 04:00,28
10-01-2011 9:00,0
19-05-2012 04:00,7
09-11-2011 6:00,9
12-10-2012 16:00,99
05-03-2011 4:00,0
05-03-2011 2:00,0
09-02-2011 11:00,1
05-03-2012 9:00,15
03-02-2012 0:00,7
08-08-2011 23:00,367
14-04-2012 15:00,96
07-01-2012 17:00,153
06-03-2011 6:00,0
04-08-2012 21:00,62084
07-07-2011 16:00,5452
10-07-2012 10:00,118
13-04-2011 12:00,30
04-03-2011 14:00,22
15-10-2012 19:00,23
10-07-2011 2:00,95
08-03-2011 13:00,36
10-04-2012 11:00,98
06-09-2011 17:00,98
09-01-2011 9:00,9
15-08-2011 14:00,334
01-03-2011 8:00,15
11-01-2011 19:00,6
18-09-2011 00:00,55
08-11-2011 12:00,35
03-10-2011 9:00,59
06-12-2011 13:00,8
18-02-2011 04:00,1
13-10-2011 14:00,24
17-09-2012 02:00,4
15-04-2012 11:00,185
02-03-2011 8:00,37
15-10-2011 10:00,382
04-08-2012 5:00,87
06-09-2011 15:00,50
12-03-2012 9:00,91
11-06-2012 14:00,87
19-10-2011 00:00,3
08-11-2012 19:00,42
01-07-2011 5:00,11
17-11-2012 10:00,51
16-05-2011 02:00,2
10-08-2012 12:00,176
19-06-2012 18:00,275
05-09-2011 3:00,8
14-12-2011 04:00,0
02-08-2012 8:00,2005
05-03-2012 10:00,9
04-01-2012 18:00,22
17-07-2012 11:00,7535
05-08-2011 10:00,929
12-12-2011 16:00,20
16-01-2012 06:00,3
03-02-2012 23:00,5
03-05-2011 2:00,4
04-06-2011 21:00,77
19-10-2011 18:00,21
16-08-2012 10:00,467
01-01-2011 14:00,28
14-12-2011 03:00,0
17-01-2012 18:00,45
19-11-2012 20:00,22
19-10-2011 16:00,17
16-04-2012 00:00,11
06-06-2012 12:00,109
11-11-2011 13:00,323
11-03-2011 5:00,1
10-04-2011 7:00,0
08-08-2012 21:00,723
05-03-2011 18:00,2
05-11-2011 6:00,0
16-07-2011 20:00,2222
13-12-2012 00:00,3
04-01-2012 9:00,43
18-08-2011 11:00,421
15-11-2012 22:00,0
13-11-2012 14:00,62
09-12-2011 21:00,4
06-04-2012 3:00,0
10-08-2012 16:00,219
17-09-2011 04:00,5
16-11-2011 21:00,14
12-06-2011 19:00,2188
01-12-2011 7:00,16
16-07-2011 09:00,807
04-09-2011 23:00,2933
19-08-2011 12:00,788
15-10-2012 23:00,6
05-07-2012 17:00,23501
15-08-2011 09:00,199
14-01-2011 22:00,3
15-12-2012 16:00,84
01-04-2011 4:00,0
14-08-2012 02:00,9
11-04-2012 1:00,5
11-06-2012 8:00,405
14-03-2011 07:00,56
17-06-2012 22:00,76
16-09-2011 02:00,3
08-08-2011 19:00,1585
19-05-2012 21:00,111
18-05-2012 12:00,121
06-08-2012 22:00,1317
19-09-2012 17:00,463
18-04-2012 07:00,126
18-02-2012 00:00,35
14-02-2011 19:00,18
17-08-2012 15:00,12
11-03-2011 16:00,18
17-05-2011 22:00,15
13-04-2011 06:00,12
17-10-2011 10:00,53
09-07-2012 10:00,104
10-10-2012 20:00,163
05-08-2012 22:00,2760
18-06-2011 22:00,148
09-06-2012 11:00,433
09-03-2011 12:00,1
12-04-2012 19:00,244
10-10-2011 20:00,73
19-03-2011 13:00,123
11-09-2011 15:00,106
13-06-2012 15:00,34
08-03-2012 20:00,22
12-01-2011 23:00,0
13-12-2011 03:00,0
05-08-2011 10:00,939
08-05-2011 23:00,30
08-12-2011 4:00,0
13-07-2012 17:00,8286
09-10-2011 7:00,5
17-10-2012 00:00,6
05-07-2012 11:00,7179
07-09-2011 11:00,30
10-02-2011 1:00,0
04-05-2012 16:00,162
19-09-2011 23:00,53
16-12-2011 10:00,16
14-06-2011 07:00,60
06-11-2011 9:00,7
18-01-2012 17:00,21
09-12-2012 19:00,0
15-11-2011 18:00,40
01-10-2011 12:00,4
10-06-2011 20:00,141
01-08-2011 9:00,71
08-07-2012 6:00,379
08-10-2012 18:00,0
14-06-2011 23:00,19
01-06-2011 0:00,24
02-08-2012 20:00,4284
08-08-2011 9:00,328
07-06-2012 12:00,191
08-09-2012 22:00,8
16-12-2011 15:00,11
09-10-2011 8:00,10
19-08-2012 11:00,332
13-04-2011 17:00,91
11-03-2012 13:00,291
18-09-2012 02:00,4
05-11-2012 11:00,8
17-05-2011 15:00,26
11-06-2011 10:00,371
18-06-2012 17:00,126
13-06-2012 07:00,66
04-05-2011 18:00,143
14-07-2012 22:00,1583
07-08-2012 9:00,1096
03-12-2012 20:00,58
17-07-2011 09:00,713
05-01-2012 10:00,15
01-09-2011 1:00,21
03-08-2011 2:00,240
02-05-2012 7:00,129
07-02-2011 13:00,2
10-02-2012 5:00,4
06-07-2012 2:00,135
17-04-2012 17:00,219
06-10-2011 6:00,13
01-07-2012 14:00,2321
04-09-2012 23:00,348
15-02-2012 15:00,38
07-09-2012 0:00,99
13-07-2011 10:00,1198
10-06-2011 21:00,103
19-01-2012 19:00,8
08-05-2011 16:00,167
19-12-2011 18:00,44
13-08-2011 19:00,318
10-05-2011 22:00,62
14-08-2012 16:00,1175
04-09-2012 6:00,817
01-08-2011 21:00,58
03-12-2012 0:00,6
18-10-2011 14:00,47
19-09-2012 21:00,107
10-01-2012 13:00,72
17-12-2012 23:00,7
19-01-2012 22:00,0
15-04-2011 21:00,10
14-11-2012 18:00,28
19-08-2012 06:00,54
19-05-2012 16:00,266
05-03-2012 5:00,0
18-01-2011 13:00,1
01-02-2012 6:00,58
03-12-2012 16:00,190
16-06-2012 11:00,278
12-02-2012 15:00,25
06-09-2012 6:00,1197
03-08-2012 5:00,110
06-07-2012 15:00,15146
07-11-2011 8:00,4
04-06-2012 14:00,41
18-11-2012 08:00,10
02-10-2012 18:00,309
15-07-2011 20:00,1048
07-09-2012 17:00,4324
01-11-2011 21:00,21
03-09-2012 13:00,76
12-03-2012 1:00,6
17-10-2012 13:00,17
15-07-2011 00:00,274
09-04-2012 22:00,14
10-06-2011 7:00,154
15-02-2012 20:00,36
15-10-2012 20:00,60
08-08-2011 16:00,1166
03-09-2012 1:00,37
01-12-2012 15:00,3
08-08-2011 7:00,382
06-10-2012 7:00,17
17-02-2011 04:00,1
07-11-2012 6:00,2
09-06-2011 6:00,82
07-12-2012 17:00,24
18-08-2011 00:00,137
18-09-2011 02:00,20
19-04-2011 15:00,44
03-10-2012 6:00,59
07-01-2011 14:00,0
11-08-2011 14:00,214
10-09-2012 10:00,69
04-02-2011 19:00,7
10-12-2012 21:00,0
02-07-2011 3:00,231
18-05-2012 21:00,88
02-07-2011 16:00,10818
16-06-2012 07:00,25
05-02-2011 19:00,0
02-11-2012 8:00,81
19-07-2012 15:00,2981
11-07-2012 13:00,106
09-01-2012 22:00,0
02-02-2012 0:00,22
11-04-2012 9:00,61
19-04-2012 03:00,1
06-04-2012 20:00,145
07-03-2011 4:00,0
06-03-2011 6:00,0
15-02-2012 21:00,21
07-06-2012 7:00,60
02-08-2011 16:00,3534
14-04-2012 06:00,6
14-10-2011 15:00,143
03-02-2011 8:00,23
17-12-2011 02:00,2
09-03-2012 10:00,78
06-08-2012 13:00,3279
07-05-2012 6:00,26
03-02-2011 14:00,9
01-01-2012 10:00,54
09-06-2011 22:00,30
12-08-2012 11:00,456
17-03-2011 01:00,3
15-03-2011 10:00,20
07-07-2012 10:00,7473
06-10-2011 8:00,50
14-03-2011 10:00,32
15-03-2012 23:00,14
12-07-2011 9:00,345
08-12-2011 18:00,3
05-10-2012 5:00,3
15-05-2012 23:00,43
03-06-2011 14:00,117
15-01-2012 16:00,43
02-02-2012 4:00,3
14-08-2011 17:00,936
05-05-2012 12:00,368
12-02-2012 16:00,81
03-07-2011 4:00,748
06-06-2011 16:00,252
19-11-2011 06:00,1
13-02-2012 05:00,5
08-10-2012 10:00,2
05-11-2012 5:00,0
18-06-2011 20:00,177
08-01-2011 18:00,84
17-04-2012 11:00,52
14-07-2011 00:00,308
04-11-2012 8:00,9
04-11-2012 18:00,4
03-01-2012 7:00,14
02-11-2012 19:00,20
08-03-2012 4:00,1
02-05-2012 16:00,602
13-05-2012 04:00,6
14-09-2012 01:00,18
03-02-2011 19:00,38
11-08-2012 9:00,266
09-01-2011 7:00,0
12-01-2011 5:00,0
17-05-2012 14:00,73
17-08-2011 07:00,441
19-01-2012 16:00,15
16-11-2012 00:00,2
01-12-2012 9:00,0
10-05-2012 9:00,127
15-05-2012 21:00,110
04-11-2012 11:00,15
14-10-2011 03:00,0
09-07-2012 5:00,14
02-06-2011 17:00,91
06-07-2011 14:00,2598
15-10-2012 04:00,0
12-08-2011 11:00,100
17-04-2011 16:00,107
08-01-2012 18:00,6
17-01-2012 23:00,3
10-11-2011 12:00,46
17-06-2012 15:00,308
04-05-2011 7:00,15
12-02-2012 23:00,5
05-05-2012 12:00,405
19-04-2011 22:00,96
17-05-2011 07:00,28
05-02-2012 15:00,0
18-04-2011 10:00,104
15-10-2011 23:00,41
13-11-2012 05:00,0
01-11-2012 10:00,31
08-09-2011 15:00,127
11-02-2012 14:00,0
04-11-2012 16:00,1
04-08-2011 13:00,1276
05-11-2012 14:00,22
02-11-2012 15:00,17
03-04-2011 6:00,2
11-07-2012 10:00,76
05-09-2012 6:00,1905
16-09-2011 14:00,123
10-11-2012 9:00,8
10-05-2012 5:00,9
19-03-2012 15:00,117
06-08-2011 16:00,508
16-04-2011 19:00,37
14-11-2012 11:00,18
08-04-2011 3:00,0
04-05-2012 15:00,34
09-10-2012 14:00,22
02-05-2012 1:00,10
07-07-2011 18:00,8873
07-05-2011 21:00,9
14-02-2011 14:00,20
12-02-2012 22:00,10
09-03-2011 10:00,1
12-07-2011 8:00,456
01-04-2011 19:00,91
10-11-2011 1:00,0
14-07-2012 13:00,1660
14-09-2011 08:00,240
11-07-2011 14:00,288
19-04-2012 20:00,164
10-06-2011 14:00,174
15-07-2011 04:00,17
08-06-2011 16:00,158
11-01-2011 0:00,1
09-09-2012 7:00,35
18-05-2012 13:00,120
16-12-2012 22:00,6
02-10-2012 0:00,16
01-10-2011 19:00,4
12-06-2012 20:00,429
12-02-2011 20:00,7
09-03-2012 6:00,39
15-05-2011 04:00,4
12-02-2012 14:00,37
16-09-2011 01:00,9
01-03-2012 19:00,59
16-07-2011 07:00,152
03-11-2011 4:00,1
12-05-2011 8:00,267
17-01-2011 21:00,8
16-10-2012 14:00,87
07-05-2012 12:00,17
12-12-2012 19:00,9
11-08-2012 16:00,168
18-01-2012 05:00,0
11-12-2011 16:00,124
15-05-2011 08:00,34
05-04-2012 2:00,1
05-08-2011 7:00,655
17-04-2011 09:00,71
07-12-2011 19:00,705
07-11-2012 18:00,33
15-07-2012 20:00,2248
05-09-2012 2:00,104
11-12-2012 8:00,40
09-07-2011 21:00,361
07-12-2011 11:00,6
01-11-2012 16:00,20
17-03-2011 00:00,10
11-08-2012 4:00,40
02-01-2012 23:00,6
08-07-2012 1:00,1459
16-03-2012 11:00,51
19-12-2012 18:00,52
19-08-2012 20:00,253
17-03-2011 10:00,38
04-03-2012 19:00,0
08-08-2011 3:00,9
04-12-2011 16:00,8
18-02-2012 11:00,95
09-08-2012 10:00,209
14-07-2011 06:00,304
17-01-2012 09:00,54
15-05-2012 16:00,129
15-12-2011 12:00,22
06-11-2011 23:00,6
06-02-2012 22:00,0
07-07-2012 9:00,3832
19-11-2011 20:00,12
16-12-2011 10:00,18
16-10-2012 05:00,7
10-02-2012 13:00,13
06-06-2012 8:00,160
17-05-2012 01:00,8
19-12-2012 03:00,0
03-12-2011 10:00,113
10-01-2011 21:00,0
11-09-2011 4:00,43
19-06-2012 20:00,149
02-02-2011 22:00,5
11-05-2011 14:00,347
18-06-2011 15:00,205
05-06-2011 10:00,180
08-02-2012 18:00,2
15-07-2012 12:00,3581
04-11-2012 19:00,2
02-08-2011 6:00,597
02-11-2012 3:00,0
14-05-2011 14:00,98
15-08-2011 18:00,668
06-08-2011 17:00,639
13-05-2012 16:00,274
15-01-2011 15:00,53
16-06-2011 05:00,9
17-10-2012 22:00,5
17-11-2011 08:00,66
17-07-2011 16:00,4254
12-10-2011 15:00,78
13-08-2011 14:00,689
09-06-2012 4:00,92
09-08-2011 21:00,256
10-02-2011 4:00,0
10-04-2012 14:00,92
03-06-2011 7:00,117
12-11-2012 17:00,126
06-10-2012 10:00,215
16-11-2011 15:00,11
04-06-2011 4:00,29
13-06-2012 17:00,82
08-05-2011 12:00,322
05-06-2011 6:00,51
06-12-2012 8:00,86
01-02-2011 2:00,0
13-09-2012 02:00,5
01-10-2012 23:00,34
06-10-2011 14:00,65
14-06-2012 01:00,8
02-01-2012 5:00,0
18-04-2012 16:00,25
08-09-2012 17:00,10
03-04-2012 12:00,321
01-10-2011 2:00,1
13-04-2012 15:00,129
09-03-2011 13:00,1
10-05-2011 9:00,62
04-04-2012 6:00,34
15-02-2012 07:00,37
09-01-2012 4:00,0
03-03-2011 19:00,13
02-06-2011 22:00,86
10-01-2012 6:00,0
16-09-2012 21:00,201
17-01-2012 00:00,0
18-10-2011 06:00,31
19-10-2012 09:00,6
16-02-2011 16:00,41
07-04-2011 22:00,9
19-07-2012 18:00,11159
10-03-2011 22:00,21
07-10-2011 13:00,215
06-11-2012 3:00,0
02-11-2011 19:00,59
15-03-2011 01:00,4
10-02-2012 1:00,1
02-03-2012 5:00,6
01-06-2011 2:00,6
07-05-2012 10:00,17
14-01-2011 05:00,2
04-04-2012 0:00,9
13-10-2011 22:00,6
12-07-2011 20:00,305
11-02-2012 22:00,0
15-05-2012 19:00,188
11-12-2011 17:00,82
19-06-2012 12:00,123
08-10-2012 20:00,3
01-03-2011 23:00,2
19-07-2012 14:00,3262
14-07-2012 17:00,929
04-06-2011 19:00,105
15-06-2012 00:00,34
13-06-2012 11:00,37
08-04-2012 16:00,186
14-05-2012 10:00,49
19-07-2011 05:00,96
11-11-2012 19:00,61
19-06-2012 07:00,93
02-05-2012 14:00,540
15-07-2012 10:00,1567
09-07-2012 8:00,228
01-07-2011 14:00,119
12-03-2012 16:00,146
19-02-2011 04:00,0
12-12-2011 21:00,7
16-08-2012 15:00,833
18-12-2011 06:00,0
12-12-2011 17:00,41
01-02-2011 18:00,72
08-02-2011 1:00,0
18-07-2012 16:00,1442
08-06-2012 11:00,80
10-06-2012 22:00,153
02-07-2012 20:00,1724
04-05-2012 22:00,155
09-08-2011 8:00,362
13-12-2012 12:00,28
02-06-2011 10:00,17
04-11-2012 20:00,0
03-12-2012 7:00,49
03-12-2012 3:00,1
13-05-2012 05:00,3
11-04-2012 2:00,2
11-04-2012 5:00,9
03-06-2012 14:00,37
05-12-2011 14:00,13
02-08-2012 12:00,2666
04-10-2011 7:00,46
13-04-2012 03:00,1
08-06-2012 13:00,82
11-04-2011 20:00,121
19-11-2012 18:00,58
14-07-2012 22:00,1348
19-02-2011 21:00,10
12-12-2011 12:00,18
06-07-2011 0:00,496
07-02-2012 16:00,120
03-07-2011 12:00,47855
06-07-2011 10:00,606
13-09-2011 04:00,3
10-05-2012 0:00,20
12-01-2012 0:00,7
18-04-2011 22:00,61
15-05-2011 10:00,132
09-06-2011 4:00,2
07-01-2011 10:00,2
17-09-2012 19:00,296
12-03-2011 16:00,129
13-02-2012 22:00,12
12-06-2011 2:00,24
16-07-2012 23:00,742
11-11-2012 13:00,160
13-04-2011 20:00,84
07-03-2012 17:00,1001
07-07-2011 7:00,608
05-03-2011 17:00,1
19-04-2012 19:00,238
12-06-2011 22:00,129
10-11-2011 11:00,31
04-06-2012 0:00,24
06-12-2011 18:00,10
12-08-2011 21:00,68
09-03-2012 22:00,41
04-05-2012 8:00,203
10-01-2011 3:00,0
04-09-2011 17:00,10278
06-10-2012 3:00,9
17-04-2012 09:00,73
08-04-2012 10:00,164
08-10-2011 18:00,115
08-03-2011 7:00,51
19-09-2012 05:00,11
07-03-2011 16:00,28
04-02-2012 11:00,59
13-05-2011 08:00,70
14-09-2011 21:00,105
07-10-2012 10:00,5
17-11-2012 03:00,1
04-09-2011 7:00,366
07-06-2012 8:00,90
08-08-2011 2:00,11
03-07-2012 15:00,3828
04-08-2011 21:00,469
03-04-2011 17:00,26
01-10-2012 9:00,55
05-08-2011 17:00,5513
14-08-2012 05:00,26
05-12-2012 12:00,53
03-05-2012 5:00,4
18-02-2012 09:00,44
05-09-2012 14:00,2875
07-12-2012 20:00,5
17-11-2011 08:00,79
07-02-2011 1:00,0
17-03-2011 19:00,54
12-09-2011 22:00,53
13-06-2011 16:00,101
19-02-2011 14:00,65
15-05-2011 12:00,143
15-04-2012 15:00,122
01-12-2012 22:00,0
04-08-2011 12:00,1251
19-10-2012 15:00,79
13-06-2011 13:00,240
16-11-2011 20:00,34
14-12-2012 21:00,7
10-07-2012 17:00,556
03-01-2011 15:00,24
15-06-2012 04:00,2
09-02-2011 10:00,5
01-03-2011 22:00,10
11-02-2011 6:00,4
03-01-2012 4:00,0
01-03-2011 1:00,0
03-10-2011 4:00,0
02-09-2011 15:00,201
01-04-2012 6:00,0
14-05-2012 17:00,124
03-02-2012 13:00,36
05-10-2012 0:00,19
07-02-2012 13:00,62
13-05-2012 18:00,140
16-08-2012 14:00,856
09-02-2012 23:00,0
13-01-2011 06:00,10
10-10-2011 9:00,30
12-03-2012 19:00,54
15-04-2011 15:00,9
06-03-2011 3:00,0
15-01-2011 03:00,5
06-02-2011 3:00,0
04-05-2012 4:00,2
06-02-2012 20:00,2
10-03-2012 16:00,29
07-09-2011 5:00,13
14-12-2012 05:00,1
05-06-2011 22:00,55
03-01-2011 14:00,16
16-07-2011 01:00,154
12-03-2011 9:00,33
08-05-2011 7:00,11
09-11-2012 8:00,119
09-02-2012 2:00,0
02-10-2011 16:00,1
18-12-2011 09:00,13
04-08-2012 20:00,43224
03-08-2012 23:00,515
19-03-2012 08:00,267
16-02-2012 14:00,15
06-08-2011 10:00,1636
07-01-2011 13:00,0
14-11-2012 19:00,20
05-08-2011 5:00,111
16-10-2012 16:00,170
07-09-2012 11:00,571
06-11-2011 7:00,2
19-02-2011 23:00,9
04-04-2011 9:00,156
10-11-2011 4:00,0
16-10-2012 21:00,9
09-05-2011 22:00,40
02-02-2012 1:00,5
09-05-2011 14:00,103
11-09-2011 11:00,890
04-01-2012 23:00,2
18-06-2011 07:00,36
18-03-2011 09:00,83
12-09-2012 12:00,136
16-07-2012 04:00,21
05-05-2012 13:00,362
14-11-2011 16:00,356
11-06-2011 8:00,69
14-12-2011 02:00,0
10-07-2011 20:00,288
12-10-2012 9:00,64
01-04-2011 7:00,39
17-05-2011 14:00,13
03-01-2012 20:00,7
15-06-2011 09:00,117
19-02-2012 00:00,15
10-06-2012 9:00,186
17-05-2012 21:00,120
14-03-2012 09:00,200
12-05-2012 17:00,56
13-08-2011 08:00,450
10-04-2011 1:00,10
05-05-2011 1:00,1
15-09-2011 04:00,5
12-05-2012 1:00,45
07-12-2012 12:00,1
10-11-2012 14:00,72
14-01-2012 14:00,53
07-07-2011 13:00,2870
18-01-2012 06:00,10
19-08-2011 18:00,901
14-04-2012 20:00,109
08-10-2011 2:00,5
01-07-2011 22:00,83
11-12-2012 3:00,1
08-02-2012 16:00,2
12-10-2012 4:00,1
13-10-2011 07:00,40
12-12-2011 13:00,8
18-05-2011 17:00,158
19-06-2012 15:00,99
08-01-2012 16:00,5
07-09-2011 0:00,70
09-02-2011 7:00,7
12-10-2012 18:00,88
09-01-2011 22:00,0
11-11-2011 2:00,0
12-06-2011 8:00,610
09-08-2012 7:00,267
11-06-2012 23:00,15
10-11-2012 6:00,0
10-02-2012 22:00,5
04-11-2012 10:00,18
04-08-2012 13:00,41000
07-01-2011 22:00,0
08-10-2012 6:00,0
14-12-2011 08:00,9
14-06-2012 14:00,52
15-06-2012 14:00,114
01-08-2011 0:00,45
16-07-2011 03:00,38
02-07-2012 23:00,413
13-04-2012 00:00,14
12-05-2012 19:00,110
09-05-2011 5:00,8
06-01-2011 19:00,15
03-10-2012 5:00,7
17-07-2012 18:00,13210
12-01-2011 15:00,4
01-04-2012 1:00,11
02-06-2011 6:00,28
10-12-2012 3:00,0
16-08-2011 00:00,50
19-12-2012 01:00,3
16-01-2012 18:00,37
01-09-2012 13:00,5390
11-04-2012 12:00,114
12-07-2011 9:00,340
08-02-2011 14:00,90
19-12-2011 07:00,47
10-03-2011 16:00,253
06-12-2011 2:00,0
12-08-2011 5:00,7
15-09-2011 17:00,46
04-01-2011 16:00,10
07-11-2011 11:00,12
05-07-2011 0:00,1550
04-03-2011 5:00,1
01-09-2012 11:00,4716
05-05-2011 17:00,87
10-06-2012 10:00,259
12-05-2011 6:00,56
03-03-2012 20:00,129
05-10-2012 15:00,124
15-08-2011 19:00,534
11-06-2012 3:00,7
17-06-2012 13:00,345
01-02-2011 15:00,31
01-12-2012 1:00,1
06-03-2012 12:00,14
04-08-2011 23:00,310
11-03-2012 17:00,523
10-10-2012 9:00,121
10-07-2011 19:00,243
06-03-2012 18:00,16
14-04-2012 05:00,3
02-11-2012 17:00,74
07-04-2012 19:00,0
06-04-2012 23:00,30
10-07-2012 8:00,254
10-03-2011 10:00,132
05-08-2012 19:00,1611
19-09-2012 20:00,193
03-10-2012 4:00,3
03-11-2011 10:00,29
10-02-2011 11:00,4
01-06-2012 22:00,1863
15-02-2011 01:00,0
19-04-2012 15:00,83
18-05-2012 07:00,75
18-06-2012 06:00,49
14-06-2011 18:00,170
08-09-2012 18:00,39
03-06-2012 0:00,152
02-06-2012 23:00,50
15-09-2012 22:00,209
19-01-2012 09:00,18
14-01-2011 16:00,33
19-10-2012 21:00,7
18-05-2012 10:00,77
10-09-2011 2:00,36
19-11-2012 15:00,39
18-01-2012 01:00,0
13-12-2012 10:00,16
12-02-2012 16:00,43
04-09-2012 0:00,532
09-04-2011 21:00,20
04-03-2011 13:00,24
06-08-2012 10:00,1174
10-09-2012 11:00,62
08-07-2012 21:00,666
18-06-2011 23:00,129
18-02-2012 10:00,64
09-11-2011 11:00,22
14-02-2011 08:00,36
15-02-2012 10:00,20
06-06-2012 15:00,120
12-09-2012 23:00,37
13-05-2012 15:00,200
19-07-2011 18:00,5332
14-06-2012 18:00,203
18-09-2011 19:00,167
15-07-2011 08:00,685
17-06-2011 04:00,1
01-01-2011 2:00,6
15-03-2012 21:00,37
19-09-2011 01:00,9
07-10-2012 0:00,24
02-05-2011 11:00,84
01-05-2012 21:00,509
10-11-2012 12:00,40
03-04-2011 13:00,25
10-02-2011 14:00,8
19-03-2012 05:00,7
15-01-2011 04:00,0
17-04-2012 17:00,292
07-01-2011 7:00,5
07-11-2012 23:00,3
18-06-2011 10:00,218
10-06-2012 20:00,242
09-09-2012 15:00,471
11-10-2011 17:00,20
15-04-2012 12:00,165
11-12-2011 15:00,142
19-09-2011 12:00,136
06-02-2012 5:00,0
15-04-2012 02:00,48
18-06-2012 11:00,18
02-07-2012 6:00,574
09-04-2011 7:00,2
03-09-2012 23:00,289
14-09-2011 02:00,5
01-12-2011 19:00,44
12-05-2011 0:00,2
07-11-2012 2:00,0
10-10-2012 23:00,3
15-10-2011 07:00,3
10-07-2011 0:00,173
12-04-2011 8:00,143
04-05-2011 3:00,0
18-10-2011 05:00,0
04-11-2012 22:00,0
18-08-2011 10:00,371
03-08-2011 13:00,1339
12-05-2011 21:00,750
02-09-2011 6:00,255
13-08-2012 21:00,408
15-07-2012 10:00,1534
03-04-2011 17:00,22
14-05-2012 14:00,34
19-12-2012 11:00,24
09-04-2011 12:00,47
07-10-2012 21:00,1
02-07-2011 13:00,11204
16-12-2012 03:00,1
08-02-2012 5:00,0
13-01-2011 10:00,0
18-04-2012 05:00,8
05-02-2012 12:00,0
11-02-2011 23:00,1
06-12-2011 11:00,13
08-10-2012 3:00,0
02-03-2012 22:00,35
15-03-2011 04:00,0
13-04-2012 01:00,5
09-09-2011 8:00,206
03-12-2011 1:00,22
09-04-2012 17:00,125
08-12-2012 22:00,1
13-12-2012 13:00,23
16-12-2012 19:00,14
16-02-2011 14:00,25
10-11-2011 10:00,6
16-01-2012 19:00,30
09-09-2012 5:00,4
19-01-2012 20:00,5
12-10-2011 19:00,83
19-08-2011 15:00,1084
18-01-2011 13:00,1
06-07-2011 23:00,402
18-05-2011 09:00,74
01-06-2012 21:00,765
19-03-2012 01:00,9
12-03-2011 20:00,73
18-07-2011 12:00,2026
10-11-2011 1:00,0
12-09-2012 7:00,126
01-05-2012 16:00,272
11-12-2011 17:00,87
11-03-2011 20:00,12
13-10-2011 10:00,15
05-07-2012 19:00,25435
05-05-2011 14:00,24
18-06-2012 10:00,56
02-03-2011 18:00,38
13-05-2011 10:00,45
02-11-2011 8:00,108
18-11-2012 04:00,0
17-02-2011 13:00,58
19-01-2012 22:00,0
16-05-2012 13:00,101
15-11-2011 10:00,24
11-05-2012 1:00,10
02-01-2012 20:00,14
09-11-2012 9:00,236
19-03-2012 19:00,162
03-12-2011 8:00,36
03-10-2011 12:00,16
11-11-2012 18:00,142
07-11-2011 4:00,0
08-01-2011 14:00,223
14-01-2012 21:00,16
14-11-2011 20:00,108
08-02-2012 19:00,1
18-02-2012 01:00,24
06-08-2011 19:00,1273
04-12-2011 11:00,13
11-04-2011 17:00,332
08-11-2012 9:00,14
15-12-2012 17:00,74
15-06-2011 21:00,84
09-03-2012 4:00,3
03-05-2012 9:00,144
14-04-2011 13:00,81
01-10-2012 19:00,64
04-08-2011 15:00,1690
14-02-2012 09:00,40
16-11-2012 22:00,4
01-04-2011 21:00,269
03-12-2012 12:00,115
15-05-2012 20:00,214
17-09-2012 23:00,26
18-06-2011 17:00,281
09-09-2012 19:00,354
14-11-2011 06:00,14
16-08-2012 09:00,583
04-08-2011 19:00,868
06-09-2011 20:00,163
12-04-2012 15:00,140
07-01-2012 11:00,92
10-03-2011 12:00,252
15-12-2012 01:00,3
07-12-2011 12:00,6
10-04-2011 20:00,6
14-02-2011 06:00,20
08-03-2011 20:00,31
13-09-2011 14:00,158
07-02-2012 21:00,5
14-05-2012 04:00,1
09-05-2011 0:00,11
10-01-2011 6:00,1
15-05-2012 10:00,75
16-04-2012 14:00,70
15-01-2012 14:00,37
07-12-2012 3:00,0
09-05-2012 18:00,50
05-03-2011 23:00,0
17-09-2011 15:00,152
16-03-2011 21:00,12
15-11-2011 20:00,9
10-06-2011 23:00,43
13-01-2012 16:00,20
11-06-2011 2:00,152
19-10-2012 12:00,59
08-10-2012 12:00,3
06-11-2011 12:00,186
07-12-2011 21:00,62
08-10-2012 0:00,0
16-08-2011 19:00,1131
17-11-2012 15:00,168
13-02-2012 18:00,53
10-12-2011 23:00,0
16-01-2012 23:00,4
10-11-2012 0:00,2
08-10-2012 11:00,3
16-08-2011 15:00,679
09-08-2011 19:00,647
10-05-2012 18:00,146
16-02-2012 15:00,30
04-12-2012 22:00,6
12-05-2011 4:00,2
07-07-2012 5:00,42
18-03-2012 11:00,30
01-07-2012 16:00,2616
18-06-2012 03:00,0
10-07-2012 23:00,62
02-02-2011 19:00,6
07-12-2011 18:00,51
14-03-2011 06:00,36
18-09-2011 15:00,294
17-03-2012 06:00,3
06-10-2012 8:00,35
10-11-2011 10:00,6
08-06-2011 1:00,18
14-07-2011 08:00,1106
01-08-2011 10:00,38
18-12-2012 00:00,1
09-02-2012 14:00,17
03-04-2011 19:00,34
03-06-2011 1:00,1
15-09-2011 22:00,33
01-01-2011 10:00,33
13-03-2011 21:00,24
05-03-2012 13:00,3
14-11-2011 02:00,2
02-09-2011 7:00,570
13-08-2011 18:00,556
14-10-2011 07:00,49
14-02-2012 02:00,0
05-05-2011 8:00,69
06-08-2012 5:00,168
06-09-2012 0:00,1020
17-01-2011 10:00,1
07-04-2012 17:00,0
18-10-2012 18:00,25
05-11-2011 14:00,20
09-03-2012 7:00,94
04-08-2012 12:00,23765
15-10-2012 08:00,111
07-09-2011 9:00,194
12-01-2011 13:00,6
13-10-2011 16:00,52
06-10-2012 16:00,1338
09-09-2011 3:00,1
15-09-2012 03:00,14
07-04-2012 7:00,0
02-04-2012 4:00,0
01-06-2012 11:00,22
11-12-2012 22:00,6
04-11-2012 3:00,3
19-04-2012 22:00,110
14-08-2011 19:00,987
12-11-2011 3:00,3
15-09-2011 14:00,79
01-07-2012 13:00,1960
11-11-2011 22:00,11
12-11-2012 8:00,21
06-12-2012 19:00,20
15-07-2012 18:00,6297
05-05-2012 8:00,82
04-06-2012 15:00,100
13-01-2012 04:00,0
05-12-2012 13:00,50
11-06-2011 1:00,333
12-04-2012 3:00,0
10-09-2012 21:00,77
18-05-2011 07:00,65
02-03-2012 21:00,57
16-01-2012 15:00,21
12-08-2011 13:00,116
14-05-2012 13:00,34
16-11-2011 20:00,32
16-01-2012 04:00,1
17-02-2012 05:00,2
08-01-2012 17:00,9
14-08-2011 03:00,17
19-04-2012 09:00,100
17-07-2012 02:00,23
11-11-2011 19:00,12
17-09-2011 17:00,137
05-12-2011 3:00,0
01-02-2012 11:00,43
05-07-2011 9:00,1446
06-11-2012 1:00,4
12-09-2012 16:00,176
14-03-2012 07:00,152
12-07-2011 19:00,463
15-05-2011 05:00,5
16-06-2012 17:00,229
03-04-2011 1:00,29
11-09-2011 14:00,117
06-05-2012 18:00,19
02-10-2011 14:00,5
01-06-2011 17:00,243
18-08-2012 04:00,11
12-01-2012 22:00,21
02-09-2011 2:00,38
06-04-2012 0:00,39
04-05-2011 8:00,21
14-03-2011 07:00,60
19-10-2011 08:00,821
15-04-2011 19:00,16
08-03-2012 13:00,380
07-08-2012 2:00,46
04-04-2011 3:00,0
02-12-2012 21:00,23
08-05-2012 3:00,1
02-06-2012 2:00,59
13-07-2011 08:00,2439
11-09-2012 8:00,154
07-09-2012 0:00,101
13-11-2011 17:00,459
02-03-2011 3:00,0
03-02-2011 13:00,6
13-03-2012 23:00,26
03-05-2011 16:00,66
13-10-2011 04:00,0
06-09-2011 5:00,33
13-06-2012 09:00,45
07-03-2011 21:00,2
01-08-2011 7:00,88
10-05-2012 21:00,78
17-02-2011 06:00,32
15-08-2011 21:00,245
15-02-2011 00:00,1
02-01-2012 22:00,2
16-12-2012 01:00,15
04-05-2012 7:00,161
09-02-2012 4:00,0
10-09-2011 4:00,16
17-09-2011 12:00,167
19-11-2012 11:00,13
16-05-2011 16:00,104
03-05-2012 23:00,216
03-03-2011 22:00,8
17-03-2011 20:00,30
13-08-2011 20:00,300
04-02-2012 14:00,10
11-09-2011 13:00,1761
02-06-2011 18:00,152
09-12-2011 17:00,17
03-01-2011 22:00,1
06-03-2011 10:00,0
12-07-2011 21:00,223
13-08-2011 22:00,291
17-06-2011 00:00,21
15-10-2011 20:00,55
10-05-2011 13:00,53
05-02-2012 23:00,0
16-06-2011 11:00,52
19-06-2011 01:00,83
15-04-2012 01:00,71
04-02-2011 15:00,8
10-01-2012 4:00,0
04-12-2012 3:00,0
01-09-2011 19:00,231
09-11-2011 22:00,1
10-10-2012 0:00,1
12-10-2012 22:00,12
02-07-2011 21:00,3118
08-06-2011 23:00,36
09-03-2011 16:00,3
11-02-2012 1:00,3
05-02-2011 17:00,0
03-01-2011 0:00,2
11-08-2011 13:00,154
13-12-2011 14:00,36
19-12-2011 19:00,27
01-03-2011 3:00,0
16-08-2012 06:00,137
14-10-2012 02:00,4
04-05-2011 9:00,19
09-09-2012 21:00,206
09-05-2012 16:00,96
06-08-2011 0:00,538
08-09-2011 6:00,124
17-09-2011 04:00,5
02-02-2011 20:00,2
08-12-2011 13:00,3
12-04-2012 11:00,45
06-01-2012 3:00,0
13-11-2011 18:00,313
12-04-2012 16:00,177
13-05-2011 23:00,43
02-01-2011 4:00,3
11-01-2012 21:00,7
02-10-2012 1:00,4
03-08-2012 19:00,688
15-09-2012 18:00,410
12-05-2011 20:00,692
19-04-2011 11:00,47
11-03-2012 7:00,4
07-11-2012 22:00,10
11-05-2011 21:00,345
17-03-2011 18:00,47
11-02-2011 20:00,9
09-02-2011 16:00,2
07-10-2012 20:00,2
09-01-2011 13:00,1
13-04-2011 15:00,18
13-06-2011 12:00,103
07-06-2012 20:00,76
05-01-2012 21:00,5
05-09-2012 10:00,3155
15-05-2012 15:00,50
17-08-2011 01:00,22
03-08-2012 3:00,42
19-05-2012 19:00,185
02-01-2011 2:00,1
16-01-2012 22:00,3
01-09-2012 10:00,2807
16-06-2011 18:00,70
10-10-2012 13:00,57
13-01-2011 18:00,10
10-02-2011 8:00,4
10-05-2011 2:00,3
12-07-2011 7:00,351
15-04-2012 20:00,107
02-07-2011 22:00,2210
04-07-2012 11:00,360
09-08-2011 2:00,9
09-10-2012 13:00,9
17-11-2012 20:00,8
06-09-2012 5:00,190
13-06-2011 04:00,1
05-09-2012 1:00,271
08-07-2011 13:00,949
04-10-2012 19:00,215
02-10-2011 6:00,0
18-06-2011 06:00,16
19-11-2011 23:00,15
09-04-2012 2:00,2
07-01-2012 4:00,2
01-05-2012 6:00,95
19-03-2011 12:00,105
06-04-2011 4:00,0
07-11-2012 12:00,12
19-06-2012 08:00,90
10-03-2011 5:00,135
12-03-2012 21:00,22
16-04-2012 03:00,5
17-12-2012 06:00,9
16-12-2011 18:00,12
16-10-2011 14:00,735
12-09-2012 22:00,57
15-03-2012 17:00,257
07-04-2011 7:00,30
11-11-2011 8:00,15
09-08-2011 10:00,462
09-07-2012 20:00,222
03-06-2011 9:00,149
12-01-2011 18:00,4
14-01-2011 00:00,2
14-08-2011 14:00,791
08-05-2012 11:00,67
09-11-2011 11:00,17
03-12-2012 21:00,19
10-08-2012 6:00,61
01-08-2012 1:00,42
09-06-2012 13:00,168
14-09-2011 22:00,89
04-07-2012 13:00,402
01-11-2012 12:00,45
01-10-2012 17:00,234
14-02-2012 20:00,32
13-01-2012 16:00,18
05-08-2011 16:00,4192
16-05-2012 06:00,32
05-04-2012 20:00,80
10-10-2011 1:00,2
07-03-2011 17:00,53
02-09-2012 12:00,5409
08-07-2011 4:00,12
15-06-2012 09:00,100
12-01-2011 7:00,18
14-08-2012 23:00,356
13-12-2012 17:00,54
14-12-2011 09:00,13
11-03-2012 21:00,65
06-12-2011 9:00,10
19-10-2012 23:00,1
18-09-2011 09:00,106
08-04-2012 22:00,86
04-01-2012 21:00,3
15-09-2011 11:00,274
15-05-2012 13:00,82
18-12-2012 22:00,10
19-06-2012 23:00,40
05-07-2011 12:00,4548
07-08-2012 9:00,1189
19-11-2012 22:00,4
16-09-2012 16:00,374
14-12-2011 16:00,18
01-04-2011 22:00,137
02-03-2012 2:00,1
16-04-2011 23:00,67
07-09-2012 21:00,572
09-07-2012 23:00,118
10-12-2011 0:00,0
10-01-2011 3:00,0
13-10-2011 19:00,5
05-01-2012 14:00,30
02-08-2011 1:00,118
16-03-2011 12:00,17
04-06-2011 23:00,32
15-11-2012 08:00,13
18-10-2011 01:00,0
03-10-2012 3:00,2
14-12-2012 06:00,7
14-09-2011 19:00,331
08-07-2012 9:00,4321
02-03-2011 19:00,28
19-08-2012 14:00,530
16-03-2011 08:00,46
06-12-2011 7:00,15
05-01-2011 20:00,2
11-11-2011 21:00,6
14-11-2012 12:00,16
03-12-2012 11:00,64
19-03-2012 18:00,204
19-10-2011 15:00,6
15-09-2012 06:00,18
05-04-2011 12:00,3
05-10-2011 22:00,11
14-03-2011 22:00,14
17-05-2012 17:00,248
16-03-2012 20:00,60
07-06-2012 11:00,71
07-09-2011 22:00,53
08-01-2011 22:00,12
17-04-2011 03:00,13
18-05-2012 05:00,7
17-12-2011 03:00,1
01-10-2012 7:00,137
02-12-2012 15:00,222
19-12-2011 09:00,18
07-01-2012 0:00,36
16-12-2012 14:00,18
06-10-2012 22:00,46
13-02-2011 13:00,94
08-11-2011 6:00,8
19-06-2011 17:00,334
01-10-2012 7:00,126
07-08-2011 20:00,630
10-11-2011 23:00,1
03-07-2011 18:00,2673
19-05-2012 16:00,282
17-11-2012 12:00,106
07-09-2012 22:00,509
16-04-2012 01:00,4
17-12-2012 10:00,10
03-08-2012 13:00,1288
04-02-2012 12:00,13
16-01-2012 04:00,1
10-08-2011 3:00,3
05-12-2011 0:00,2
01-02-2012 19:00,91
08-02-2011 16:00,724
06-10-2012 0:00,28
17-12-2011 23:00,4
05-08-2012 14:00,63050
17-06-2012 07:00,27
05-07-2011 17:00,5833
08-06-2011 8:00,149
10-11-2011 5:00,0
13-06-2012 14:00,44
04-08-2012 15:00,68418
05-09-2012 17:00,5175
03-06-2011 11:00,67
12-09-2011 0:00,40
10-08-2012 17:00,395
03-07-2011 20:00,3071
19-04-2012 08:00,75
12-07-2012 7:00,97
05-03-2012 0:00,4
14-09-2012 20:00,178
05-01-2012 4:00,0
02-04-2012 17:00,589
11-04-2011 4:00,2
04-09-2012 10:00,1992
13-08-2012 14:00,566
15-01-2012 15:00,69
16-10-2011 10:00,153
17-12-2012 13:00,7
02-01-2011 17:00,3
10-10-2012 1:00,0
13-09-2012 07:00,161
03-06-2012 16:00,37
07-12-2012 18:00,8
06-04-2012 19:00,209
12-11-2011 15:00,269
06-10-2011 4:00,0
09-10-2012 23:00,2
12-04-2012 17:00,176
15-04-2011 13:00,29
10-09-2011 3:00,23
17-04-2012 14:00,98
18-07-2012 07:00,1436
08-03-2011 16:00,94
03-01-2012 7:00,16
02-10-2012 23:00,55
15-01-2011 07:00,2
10-02-2012 11:00,18
17-03-2011 10:00,43
11-01-2011 17:00,4
03-04-2011 8:00,28
08-09-2011 4:00,5
02-02-2012 17:00,42
11-10-2011 3:00,0
06-08-2011 20:00,1357
05-02-2011 0:00,5
09-06-2012 10:00,629
18-07-2011 13:00,1903
15-04-2011 21:00,11
14-05-2011 13:00,252
11-05-2011 20:00,408
13-11-2011 03:00,2
07-10-2012 14:00,6
14-04-2012 09:00,120
17-01-2012 19:00,40
01-08-2011 11:00,69
11-02-2011 12:00,13
02-08-2012 5:00,166
10-12-2011 2:00,2
05-01-2011 19:00,8
01-06-2011 10:00,22
18-04-2011 15:00,57
15-03-2011 22:00,6
12-06-2012 15:00,213
04-04-2011 0:00,10
08-02-2011 3:00,0
14-06-2012 15:00,69
14-07-2011 10:00,621
16-02-2011 09:00,26
12-07-2012 18:00,142
08-09-2012 0:00,50
09-11-2011 4:00,0
18-09-2011 20:00,130
03-10-2012 20:00,98
11-04-2011 10:00,27
17-03-2012 04:00,4
12-07-2012 3:00,3
10-12-2012 10:00,2
10-11-2011 19:00,15
08-09-2012 3:00,18
08-09-2011 3:00,6
15-06-2011 15:00,144
04-06-2011 13:00,349
06-05-2011 12:00,64
16-10-2011 09:00,78
18-06-2011 11:00,283
15-05-2011 13:00,178
05-01-2012 11:00,46
05-08-2011 3:00,28
05-12-2012 10:00,21
02-03-2012 20:00,24
09-11-2012 17:00,95
15-03-2011 02:00,1
07-06-2012 21:00,56
09-06-2012 22:00,100
01-04-2011 12:00,21
17-06-2012 02:00,37
18-03-2012 11:00,32
03-01-2011 7:00,62
03-06-2012 22:00,2
04-05-2011 11:00,18
03-06-2012 10:00,291
10-07-2011 5:00,7
12-04-2011 2:00,0
01-08-2012 0:00,67
03-04-2012 2:00,4
03-05-2011 8:00,177
17-05-2011 13:00,8
19-11-2011 01:00,18
14-02-2011 11:00,42
05-06-2011 16:00,141
01-11-2011 6:00,21
09-06-2011 2:00,1
04-01-2012 18:00,17
09-05-2011 5:00,7
06-11-2012 4:00,0
04-12-2012 7:00,53
12-01-2012 21:00,35
18-04-2012 14:00,64
12-12-2012 22:00,1
01-08-2012 14:00,280
08-06-2012 20:00,152
05-09-2011 5:00,14
12-03-2012 15:00,97
11-11-2011 3:00,0
16-02-2012 00:00,3
11-12-2012 0:00,14
06-05-2011 11:00,73
18-08-2012 09:00,323
13-09-2012 09:00,218
16-09-2012 05:00,5
03-01-2012 18:00,1
03-04-2011 10:00,10
19-10-2011 17:00,32
07-08-2011 11:00,3734
09-12-2011 2:00,0
15-09-2011 02:00,6
15-09-2012 23:00,143
07-03-2011 15:00,24
16-11-2011 15:00,13
02-02-2012 11:00,27
09-10-2011 9:00,29
07-11-2012 5:00,2
16-12-2011 05:00,3
14-01-2011 23:00,2
19-02-2011 09:00,16
17-03-2012 05:00,2
